record_id,title,journal,year,article_type,metadata_type,genre_role,doi,metadata_url,doi_url,relevance_domain,selection_reason,verified_date,metadata_source
T001,Machine learning for biomaterials design,Nature Reviews Bioengineering,2026,Review,journal-article,review (journal identity verified),10.1038/s44222-026-00476-w,https://api.crossref.org/works/10.1038%2Fs44222-026-00476-w,https://doi.org/10.1038/s44222-026-00476-w,biomaterials-overview,Topic-relevant AI/materials or biomaterials title from the predefined selective-journal panel; selected with venue and topic caps before DOI-record verification.,2026-08-30,Crossref REST API (search record + DOI record cross-check)
T002,Artificial intelligence in biomaterials: a call for unified biocompatibility standards,Trends in Biotechnology,2025,Comment/editorial/letter,journal-article,comment or editorial (PubMed publication type verified),10.1016/j.tibtech.2024.11.011,https://api.crossref.org/works/10.1016%2Fj.tibtech.2024.11.011,https://doi.org/10.1016/j.tibtech.2024.11.011,biomaterials-overview,Topic-relevant AI/materials or biomaterials title from the predefined selective-journal panel; selected with venue and topic caps before DOI-record verification.,2026-08-30,Crossref REST API (search record + DOI record cross-check); PubMed publication-type cross-check
T003,Applied machine learning as a driver for polymeric biomaterials design,Nature Communications,2023,Review,journal-article,review (PubMed publication type verified),10.1038/s41467-023-40459-8,https://api.crossref.org/works/10.1038%2Fs41467-023-40459-8,https://doi.org/10.1038/s41467-023-40459-8,biomaterials-overview,Topic-relevant AI/materials or biomaterials title from the predefined selective-journal panel; selected with venue and topic caps before DOI-record verification.,2026-08-30,Crossref REST API (search record + DOI record cross-check); PubMed publication-type cross-check
T004,Artificial intelligence in biomaterials for oral oncology,Biomaterials,2026,Review,journal-article,review (PubMed publication type verified),10.1016/j.biomaterials.2026.124067,https://api.crossref.org/works/10.1016%2Fj.biomaterials.2026.124067,https://doi.org/10.1016/j.biomaterials.2026.124067,biomaterials-overview,Topic-relevant AI/materials or biomaterials title from the predefined selective-journal panel; selected with venue and topic caps before DOI-record verification.,2026-08-30,Crossref REST API (search record + DOI record cross-check); PubMed publication-type cross-check
T005,"Skin Relevant Biomaterials from Wound Healing, Medical Aesthetics, Flexible Electronics to Artificial Intelligence and Beyond",Advanced Materials,2025,Review,journal-article,review (PubMed publication type verified),10.1002/adma.202512919,https://api.crossref.org/works/10.1002%2Fadma.202512919,https://doi.org/10.1002/adma.202512919,biomaterials-overview,Topic-relevant AI/materials or biomaterials title from the predefined selective-journal panel; selected with venue and topic caps before DOI-record verification.,2026-08-30,Crossref REST API (search record + DOI record cross-check); PubMed publication-type cross-check
T006,Osteoinductive biomaterials: Machine learning for prediction and interpretation,Acta Biomaterialia,2024,Journal article (genre unknown),journal-article,unknown,10.1016/j.actbio.2024.08.017,https://api.crossref.org/works/10.1016%2Fj.actbio.2024.08.017,https://doi.org/10.1016/j.actbio.2024.08.017,biomaterials-overview,Topic-relevant AI/materials or biomaterials title from the predefined selective-journal panel; selected with venue and topic caps before DOI-record verification.,2026-08-30,Crossref REST API (search record + DOI record cross-check); PubMed publication-type cross-check
T007,Machine Learning‐Driven Biomaterials Evolution,Advanced Materials,2022,Review,journal-article,review (PubMed publication type verified),10.1002/adma.202102703,https://api.crossref.org/works/10.1002%2Fadma.202102703,https://doi.org/10.1002/adma.202102703,biomaterials-overview,Topic-relevant AI/materials or biomaterials title from the predefined selective-journal panel; selected with venue and topic caps before DOI-record verification.,2026-08-30,Crossref REST API (search record + DOI record cross-check); PubMed publication-type cross-check
T008,Machine learning and big data provide crucial insight for future biomaterials discovery and research,Acta Biomaterialia,2021,Review,journal-article,review (PubMed publication type verified),10.1016/j.actbio.2021.05.053,https://api.crossref.org/works/10.1016%2Fj.actbio.2021.05.053,https://doi.org/10.1016/j.actbio.2021.05.053,biomaterials-overview,Topic-relevant AI/materials or biomaterials title from the predefined selective-journal panel; selected with venue and topic caps before DOI-record verification.,2026-08-30,Crossref REST API (search record + DOI record cross-check); PubMed publication-type cross-check
T009,High-throughput platforms for machine learning-guided lipid nanoparticle design,Nature Reviews Materials,2025,Review,journal-article,review (journal identity verified),10.1038/s41578-025-00831-0,https://api.crossref.org/works/10.1038%2Fs41578-025-00831-0,https://doi.org/10.1038/s41578-025-00831-0,drug-delivery-nanomedicine,Topic-relevant AI/materials or biomaterials title from the predefined selective-journal panel; selected with venue and topic caps before DOI-record verification.,2026-08-30,Crossref REST API (search record + DOI record cross-check)
T010,Machine Learning-Accelerated High-Throughput Computational Screening: Unveiling Bimetallic Nanoparticles with Peroxidase-Like Activity,ACS Nano,2024,Journal article (genre unknown),journal-article,unknown,10.1021/acsnano.4c01473,https://api.crossref.org/works/10.1021%2Facsnano.4c01473,https://doi.org/10.1021/acsnano.4c01473,drug-delivery-nanomedicine,Topic-relevant AI/materials or biomaterials title from the predefined selective-journal panel; selected with venue and topic caps before DOI-record verification.,2026-08-30,Crossref REST API (search record + DOI record cross-check); PubMed publication-type cross-check
T011,Machine Learning‐Informed Nano Co‐Assembly Inhibits Fibroblast Activation Protein and Improves Drug Delivery in Fibrotic Tissue,Advanced Materials,2026,Journal article (genre unknown),journal-article,unknown,10.1002/adma.202519805,https://api.crossref.org/works/10.1002%2Fadma.202519805,https://doi.org/10.1002/adma.202519805,drug-delivery-nanomedicine,Topic-relevant AI/materials or biomaterials title from the predefined selective-journal panel; selected with venue and topic caps before DOI-record verification.,2026-08-30,Crossref REST API (search record + DOI record cross-check); PubMed publication-type cross-check
T012,A Machine Learning Assisted Tool and Numerical Model for Analyzing Lipid Nanoparticles,ACS Nano,2025,Journal article (genre unknown),journal-article,unknown,10.1021/acsnano.5c09956,https://api.crossref.org/works/10.1021%2Facsnano.5c09956,https://doi.org/10.1021/acsnano.5c09956,drug-delivery-nanomedicine,Topic-relevant AI/materials or biomaterials title from the predefined selective-journal panel; selected with venue and topic caps before DOI-record verification.,2026-08-30,Crossref REST API (search record + DOI record cross-check); PubMed publication-type cross-check
T013,Machine Learning Elucidates Design Features of Plasmid Deoxyribonucleic Acid Lipid Nanoparticles for Cell Type-Preferential Transfection,ACS Nano,2024,Journal article (genre unknown),journal-article,unknown,10.1021/acsnano.4c07615,https://api.crossref.org/works/10.1021%2Facsnano.4c07615,https://doi.org/10.1021/acsnano.4c07615,drug-delivery-nanomedicine,Topic-relevant AI/materials or biomaterials title from the predefined selective-journal panel; selected with venue and topic caps before DOI-record verification.,2026-08-30,Crossref REST API (search record + DOI record cross-check); PubMed publication-type cross-check
T014,Toward the Integration of Machine Learning and Molecular Modeling for Designing Drug Delivery Nanocarriers,Advanced Materials,2024,Review,journal-article,review (PubMed publication type verified),10.1002/adma.202407793,https://api.crossref.org/works/10.1002%2Fadma.202407793,https://doi.org/10.1002/adma.202407793,drug-delivery-nanomedicine,Topic-relevant AI/materials or biomaterials title from the predefined selective-journal panel; selected with venue and topic caps before DOI-record verification.,2026-08-30,Crossref REST API (search record + DOI record cross-check); PubMed publication-type cross-check
T015,Towards machine learning for hydrogel drug delivery systems,Trends in Biotechnology,2023,Journal article (genre unknown),journal-article,unknown,10.1016/j.tibtech.2022.09.019,https://api.crossref.org/works/10.1016%2Fj.tibtech.2022.09.019,https://doi.org/10.1016/j.tibtech.2022.09.019,drug-delivery-nanomedicine,Topic-relevant AI/materials or biomaterials title from the predefined selective-journal panel; selected with venue and topic caps before DOI-record verification.,2026-08-30,Crossref REST API (search record + DOI record cross-check); PubMed publication-type cross-check
T016,High-entropy nanoparticles: Synthesis-structure-property relationships and data-driven discovery,Science,2022,Review,journal-article,review (PubMed publication type verified),10.1126/science.abn3103,https://api.crossref.org/works/10.1126%2Fscience.abn3103,https://doi.org/10.1126/science.abn3103,drug-delivery-nanomedicine,Topic-relevant AI/materials or biomaterials title from the predefined selective-journal panel; selected with venue and topic caps before DOI-record verification.,2026-08-30,Crossref REST API (search record + DOI record cross-check); PubMed publication-type cross-check
T017,Designing Polymers with Molecular Weight Distribution-Based Machine Learning,Journal of the American Chemical Society,2025,Journal article (genre unknown),journal-article,unknown,10.1021/jacs.4c16325,https://api.crossref.org/works/10.1021%2Fjacs.4c16325,https://doi.org/10.1021/jacs.4c16325,polymer-materials,Topic-relevant AI/materials or biomaterials title from the predefined selective-journal panel; selected with venue and topic caps before DOI-record verification.,2026-08-30,Crossref REST API (search record + DOI record cross-check); PubMed publication-type cross-check
T018,Generating experimentally unrelated target molecule-binding highly functionalized nucleic-acid polymers using machine learning,Nature Communications,2022,Journal article (genre unknown),journal-article,unknown,10.1038/s41467-022-31955-4,https://api.crossref.org/works/10.1038%2Fs41467-022-31955-4,https://doi.org/10.1038/s41467-022-31955-4,polymer-materials,Topic-relevant AI/materials or biomaterials title from the predefined selective-journal panel; selected with venue and topic caps before DOI-record verification.,2026-08-30,Crossref REST API (search record + DOI record cross-check); PubMed publication-type cross-check
T019,Machine Learning-Guided Decoding Bioelectronic Signals of Photosynthetic Cyanobacterial Cells by Conducting Polymers,Journal of the American Chemical Society,2025,Journal article (genre unknown),journal-article,unknown,10.1021/jacs.5c13150,https://api.crossref.org/works/10.1021%2Fjacs.5c13150,https://doi.org/10.1021/jacs.5c13150,polymer-materials,Topic-relevant AI/materials or biomaterials title from the predefined selective-journal panel; selected with venue and topic caps before DOI-record verification.,2026-08-30,Crossref REST API (search record + DOI record cross-check); PubMed publication-type cross-check
T020,Machine Learning‐Enabled Polymer Discovery for Enhanced Pulmonary siRNA Delivery,Advanced Functional Materials,2025,Journal article (genre unknown),journal-article,unknown,10.1002/adfm.202502805,https://api.crossref.org/works/10.1002%2Fadfm.202502805,https://doi.org/10.1002/adfm.202502805,polymer-materials,Topic-relevant AI/materials or biomaterials title from the predefined selective-journal panel; selected with venue and topic caps before DOI-record verification.,2026-08-30,Crossref REST API (search record + DOI record cross-check)
T021,Machine learning enables interpretable discovery of innovative polymers for gas separation membranes,Science Advances,2022,Journal article (genre unknown),journal-article,unknown,10.1126/sciadv.abn9545,https://api.crossref.org/works/10.1126%2Fsciadv.abn9545,https://doi.org/10.1126/sciadv.abn9545,polymer-materials,Topic-relevant AI/materials or biomaterials title from the predefined selective-journal panel; selected with venue and topic caps before DOI-record verification.,2026-08-30,Crossref REST API (search record + DOI record cross-check); PubMed publication-type cross-check
T022,Machine learning-aided engineering of hydrolases for PET depolymerization,Nature,2022,Journal article (genre unknown),journal-article,unknown,10.1038/s41586-022-04599-z,https://api.crossref.org/works/10.1038%2Fs41586-022-04599-z,https://doi.org/10.1038/s41586-022-04599-z,polymer-materials,Topic-relevant AI/materials or biomaterials title from the predefined selective-journal panel; selected with venue and topic caps before DOI-record verification.,2026-08-30,Crossref REST API (search record + DOI record cross-check); PubMed publication-type cross-check
T023,Machine learning for antimicrobial peptide identification and design,Nature Reviews Bioengineering,2024,Review,journal-article,review (journal identity verified),10.1038/s44222-024-00152-x,https://api.crossref.org/works/10.1038%2Fs44222-024-00152-x,https://doi.org/10.1038/s44222-024-00152-x,peptides-proteins,Topic-relevant AI/materials or biomaterials title from the predefined selective-journal panel; selected with venue and topic caps before DOI-record verification.,2026-08-30,Crossref REST API (search record + DOI record cross-check); PubMed publication-type cross-check
T024,Design of target specific peptide inhibitors using generative deep learning and molecular dynamics simulations,Nature Communications,2024,Journal article (genre unknown),journal-article,unknown,10.1038/s41467-024-45766-2,https://api.crossref.org/works/10.1038%2Fs41467-024-45766-2,https://doi.org/10.1038/s41467-024-45766-2,peptides-proteins,Topic-relevant AI/materials or biomaterials title from the predefined selective-journal panel; selected with venue and topic caps before DOI-record verification.,2026-08-30,Crossref REST API (search record + DOI record cross-check); PubMed publication-type cross-check
T025,Tuning Materials-Binding Peptide Sequences toward Gold- and Silver-Binding Selectivity with Bayesian Optimization,ACS Nano,2021,Journal article (genre unknown),journal-article,unknown,10.1021/acsnano.1c07298,https://api.crossref.org/works/10.1021%2Facsnano.1c07298,https://doi.org/10.1021/acsnano.1c07298,peptides-proteins,Topic-relevant AI/materials or biomaterials title from the predefined selective-journal panel; selected with venue and topic caps before DOI-record verification.,2026-08-30,Crossref REST API (search record + DOI record cross-check); PubMed publication-type cross-check
T026,Deep learning–guided design of dynamic proteins,Science,2025,Journal article (genre unknown),journal-article,unknown,10.1126/science.adr7094,https://api.crossref.org/works/10.1126%2Fscience.adr7094,https://doi.org/10.1126/science.adr7094,peptides-proteins,Topic-relevant AI/materials or biomaterials title from the predefined selective-journal panel; selected with venue and topic caps before DOI-record verification.,2026-08-30,Crossref REST API (search record + DOI record cross-check); PubMed publication-type cross-check
T027,Enhancing peptide identification in metaproteomics through curriculum learning in deep learning,Nature Communications,2025,Journal article (genre unknown),journal-article,unknown,10.1038/s41467-025-63977-z,https://api.crossref.org/works/10.1038%2Fs41467-025-63977-z,https://doi.org/10.1038/s41467-025-63977-z,peptides-proteins,Topic-relevant AI/materials or biomaterials title from the predefined selective-journal panel; selected with venue and topic caps before DOI-record verification.,2026-08-30,Crossref REST API (search record + DOI record cross-check); PubMed publication-type cross-check
T028,Context-aware geometric deep learning for protein sequence design,Nature Communications,2024,Journal article (genre unknown),journal-article,unknown,10.1038/s41467-024-50571-y,https://api.crossref.org/works/10.1038%2Fs41467-024-50571-y,https://doi.org/10.1038/s41467-024-50571-y,peptides-proteins,Topic-relevant AI/materials or biomaterials title from the predefined selective-journal panel; selected with venue and topic caps before DOI-record verification.,2026-08-30,Crossref REST API (search record + DOI record cross-check); PubMed publication-type cross-check
T029,Machine learning for functional protein design,Nature Biotechnology,2024,Review,journal-article,review (PubMed publication type verified),10.1038/s41587-024-02127-0,https://api.crossref.org/works/10.1038%2Fs41587-024-02127-0,https://doi.org/10.1038/s41587-024-02127-0,peptides-proteins,Topic-relevant AI/materials or biomaterials title from the predefined selective-journal panel; selected with venue and topic caps before DOI-record verification.,2026-08-30,Crossref REST API (search record + DOI record cross-check); PubMed publication-type cross-check
T030,Improving de novo protein binder design with deep learning,Nature Communications,2023,Journal article (genre unknown),journal-article,unknown,10.1038/s41467-023-38328-5,https://api.crossref.org/works/10.1038%2Fs41467-023-38328-5,https://doi.org/10.1038/s41467-023-38328-5,peptides-proteins,Topic-relevant AI/materials or biomaterials title from the predefined selective-journal panel; selected with venue and topic caps before DOI-record verification.,2026-08-30,Crossref REST API (search record + DOI record cross-check); PubMed publication-type cross-check
T031,Deep learning-enabled tissue engineering scaffold classification using cell morphology,Acta Biomaterialia,2026,Journal article (genre unknown),journal-article,unknown,10.1016/j.actbio.2026.07.061,https://api.crossref.org/works/10.1016%2Fj.actbio.2026.07.061,https://doi.org/10.1016/j.actbio.2026.07.061,hydrogels-tissue-bioprinting,Topic-relevant AI/materials or biomaterials title from the predefined selective-journal panel; selected with venue and topic caps before DOI-record verification.,2026-08-30,Crossref REST API (search record + DOI record cross-check); PubMed publication-type cross-check
T032,Active Learning‐Accelerated Discovery of Fibrous Hydrogels with Tissue‐Mimetic Viscoelasticity,Advanced Functional Materials,2026,Journal article (genre unknown),journal-article,unknown,10.1002/adfm.75639,https://api.crossref.org/works/10.1002%2Fadfm.75639,https://doi.org/10.1002/adfm.75639,hydrogels-tissue-bioprinting,Topic-relevant AI/materials or biomaterials title from the predefined selective-journal panel; selected with venue and topic caps before DOI-record verification.,2026-08-30,Crossref REST API (search record + DOI record cross-check)
T033,AI for Accelerated Materials Discovery: From Generative Design to Autonomous Realization,Chemical Reviews,2026,Review,journal-article,review (journal identity verified),10.1021/acs.chemrev.6c00154,https://api.crossref.org/works/10.1021%2Facs.chemrev.6c00154,https://doi.org/10.1021/acs.chemrev.6c00154,autonomous-experimentation,Topic-relevant AI/materials or biomaterials title from the predefined selective-journal panel; selected with venue and topic caps before DOI-record verification.,2026-08-30,Crossref REST API (search record + DOI record cross-check); PubMed publication-type cross-check
T034,Self-Driving Laboratories for Chemistry and Materials Science,Chemical Reviews,2024,Review,journal-article,review (PubMed publication type verified),10.1021/acs.chemrev.4c00055,https://api.crossref.org/works/10.1021%2Facs.chemrev.4c00055,https://doi.org/10.1021/acs.chemrev.4c00055,autonomous-experimentation,Topic-relevant AI/materials or biomaterials title from the predefined selective-journal panel; selected with venue and topic caps before DOI-record verification.,2026-08-30,Crossref REST API (search record + DOI record cross-check); PubMed publication-type cross-check
T035,Autonomous chemistry: Navigating self-driving labs in chemical and material sciences,Matter,2024,Journal article (genre unknown),journal-article,unknown,10.1016/j.matt.2024.06.003,https://api.crossref.org/works/10.1016%2Fj.matt.2024.06.003,https://doi.org/10.1016/j.matt.2024.06.003,autonomous-experimentation,Topic-relevant AI/materials or biomaterials title from the predefined selective-journal panel; selected with venue and topic caps before DOI-record verification.,2026-08-30,Crossref REST API (search record + DOI record cross-check)
T036,Autonomous materials synthesis via hierarchical active learning of nonequilibrium phase diagrams,Science Advances,2021,Journal article (genre unknown),journal-article,unknown,10.1126/sciadv.abg4930,https://api.crossref.org/works/10.1126%2Fsciadv.abg4930,https://doi.org/10.1126/sciadv.abg4930,autonomous-experimentation,Topic-relevant AI/materials or biomaterials title from the predefined selective-journal panel; selected with venue and topic caps before DOI-record verification.,2026-08-30,Crossref REST API (search record + DOI record cross-check); PubMed publication-type cross-check
T037,Knowledge-driven autonomous materials research via collaborative multi-agent and robotic system,Matter,2026,Journal article (genre unknown),journal-article,unknown,10.1016/j.matt.2025.102577,https://api.crossref.org/works/10.1016%2Fj.matt.2025.102577,https://doi.org/10.1016/j.matt.2025.102577,autonomous-experimentation,Topic-relevant AI/materials or biomaterials title from the predefined selective-journal panel; selected with venue and topic caps before DOI-record verification.,2026-08-30,Crossref REST API (search record + DOI record cross-check)
T038,Materials Informatics: Emergence to Autonomous Discovery in the Age of AI,Advanced Materials,2026,Review,journal-article,review (PubMed publication type verified),10.1002/adma.202515941,https://api.crossref.org/works/10.1002%2Fadma.202515941,https://doi.org/10.1002/adma.202515941,autonomous-experimentation,Topic-relevant AI/materials or biomaterials title from the predefined selective-journal panel; selected with venue and topic caps before DOI-record verification.,2026-08-30,Crossref REST API (search record + DOI record cross-check); PubMed publication-type cross-check
T039,Performance metrics to unleash the power of self-driving labs in chemistry and materials science,Nature Communications,2024,Review,journal-article,review (PubMed publication type verified),10.1038/s41467-024-45569-5,https://api.crossref.org/works/10.1038%2Fs41467-024-45569-5,https://doi.org/10.1038/s41467-024-45569-5,autonomous-experimentation,Topic-relevant AI/materials or biomaterials title from the predefined selective-journal panel; selected with venue and topic caps before DOI-record verification.,2026-08-30,Crossref REST API (search record + DOI record cross-check); PubMed publication-type cross-check
T040,An autonomous laboratory for the accelerated synthesis of inorganic materials,Nature,2023,Journal article (genre unknown),journal-article,unknown,10.1038/s41586-023-06734-w,https://api.crossref.org/works/10.1038%2Fs41586-023-06734-w,https://doi.org/10.1038/s41586-023-06734-w,autonomous-experimentation,Topic-relevant AI/materials or biomaterials title from the predefined selective-journal panel; selected with venue and topic caps before DOI-record verification.,2026-08-30,Crossref REST API (search record + DOI record cross-check); PubMed publication-type cross-check
T041,Big-Data Science in Porous Materials: Materials Genomics and Machine Learning,Chemical Reviews,2020,Review,journal-article,review (PubMed publication type verified),10.1021/acs.chemrev.0c00004,https://api.crossref.org/works/10.1021%2Facs.chemrev.0c00004,https://doi.org/10.1021/acs.chemrev.0c00004,materials-discovery-design,Topic-relevant AI/materials or biomaterials title from the predefined selective-journal panel; selected with venue and topic caps before DOI-record verification.,2026-08-30,Crossref REST API (search record + DOI record cross-check); PubMed publication-type cross-check
T042,Emerging materials intelligence ecosystems propelled by machine learning,Nature Reviews Materials,2020,Review,journal-article,review (journal identity verified),10.1038/s41578-020-00255-y,https://api.crossref.org/works/10.1038%2Fs41578-020-00255-y,https://doi.org/10.1038/s41578-020-00255-y,materials-discovery-design,Topic-relevant AI/materials or biomaterials title from the predefined selective-journal panel; selected with venue and topic caps before DOI-record verification.,2026-08-30,Crossref REST API (search record + DOI record cross-check)
T043,High-throughput machine learning-aided antibody discovery for cell surface antigens,Cell Systems,2026,Journal article (genre unknown),journal-article,unknown,10.1016/j.cels.2026.101645,https://api.crossref.org/works/10.1016%2Fj.cels.2026.101645,https://doi.org/10.1016/j.cels.2026.101645,materials-discovery-design,Topic-relevant AI/materials or biomaterials title from the predefined selective-journal panel; selected with venue and topic caps before DOI-record verification.,2026-08-30,Crossref REST API (search record + DOI record cross-check); PubMed publication-type cross-check
T044,"Machine Learning‐Based Inverse Design for Functional Materials: Methods, Challenges, and Engineering Applications",Advanced Functional Materials,2026,Journal article (genre unknown),journal-article,unknown,10.1002/adfm.75070,https://api.crossref.org/works/10.1002%2Fadfm.75070,https://doi.org/10.1002/adfm.75070,materials-discovery-design,Topic-relevant AI/materials or biomaterials title from the predefined selective-journal panel; selected with venue and topic caps before DOI-record verification.,2026-08-30,Crossref REST API (search record + DOI record cross-check)
T045,A high-throughput experimentation platform for data-driven discovery in electrochemistry,Science Advances,2025,Journal article (genre unknown),journal-article,unknown,10.1126/sciadv.adu4391,https://api.crossref.org/works/10.1126%2Fsciadv.adu4391,https://doi.org/10.1126/sciadv.adu4391,materials-discovery-design,Topic-relevant AI/materials or biomaterials title from the predefined selective-journal panel; selected with venue and topic caps before DOI-record verification.,2026-08-30,Crossref REST API (search record + DOI record cross-check); PubMed publication-type cross-check
T046,Has generative artificial intelligence solved inverse materials design?,Matter,2024,Journal article (genre unknown),journal-article,unknown,10.1016/j.matt.2024.05.017,https://api.crossref.org/works/10.1016%2Fj.matt.2024.05.017,https://doi.org/10.1016/j.matt.2024.05.017,materials-discovery-design,Topic-relevant AI/materials or biomaterials title from the predefined selective-journal panel; selected with venue and topic caps before DOI-record verification.,2026-08-30,Crossref REST API (search record + DOI record cross-check)
T047,Machine learning-aided generative molecular design,Nature Machine Intelligence,2024,Journal article (genre unknown),journal-article,unknown,10.1038/s42256-024-00843-5,https://api.crossref.org/works/10.1038%2Fs42256-024-00843-5,https://doi.org/10.1038/s42256-024-00843-5,materials-discovery-design,Topic-relevant AI/materials or biomaterials title from the predefined selective-journal panel; selected with venue and topic caps before DOI-record verification.,2026-08-30,Crossref REST API (search record + DOI record cross-check)
T048,Rapid inverse design of metamaterials based on prescribed mechanical behavior through machine learning,Nature Communications,2023,Journal article (genre unknown),journal-article,unknown,10.1038/s41467-023-40854-1,https://api.crossref.org/works/10.1038%2Fs41467-023-40854-1,https://doi.org/10.1038/s41467-023-40854-1,materials-discovery-design,Topic-relevant AI/materials or biomaterials title from the predefined selective-journal panel; selected with venue and topic caps before DOI-record verification.,2026-08-30,Crossref REST API (search record + DOI record cross-check); PubMed publication-type cross-check
T049,Machine learning predicts the functional composition of the protein corona and the cellular recognition of nanoparticles,Proceedings of the National Academy of Sciences,2020,Journal article (genre unknown),journal-article,unknown,10.1073/pnas.1919755117,https://api.crossref.org/works/10.1073%2Fpnas.1919755117,https://doi.org/10.1073/pnas.1919755117,drug-delivery-nanomedicine,Topic-relevant AI/materials or biomaterials title from the predefined selective-journal panel; selected with venue and topic caps before DOI-record verification.,2026-08-30,Crossref REST API (search record + DOI record cross-check); PubMed publication-type cross-check
T050,Inverse design of soft materials via a deep learning–based evolutionary strategy,Science Advances,2022,Journal article (genre unknown),journal-article,unknown,10.1126/sciadv.abj6731,https://api.crossref.org/works/10.1126%2Fsciadv.abj6731,https://doi.org/10.1126/sciadv.abj6731,materials-discovery-design,Topic-relevant AI/materials or biomaterials title from the predefined selective-journal panel; selected with venue and topic caps before DOI-record verification.,2026-08-30,Crossref REST API (search record + DOI record cross-check); PubMed publication-type cross-check
T051,Accelerating materials discovery with Bayesian optimization and graph deep learning,Materials Today,2021,Journal article (genre unknown),journal-article,unknown,10.1016/j.mattod.2021.08.012,https://api.crossref.org/works/10.1016%2Fj.mattod.2021.08.012,https://doi.org/10.1016/j.mattod.2021.08.012,materials-discovery-design,Topic-relevant AI/materials or biomaterials title from the predefined selective-journal panel; selected with venue and topic caps before DOI-record verification.,2026-08-30,Crossref REST API (search record + DOI record cross-check)
T052,Rational Design of Safer Inorganic Nanoparticles via Mechanistic Modeling-Informed Machine Learning,ACS Nano,2025,Journal article (genre unknown),journal-article,unknown,10.1021/acsnano.5c03590,https://api.crossref.org/works/10.1021%2Facsnano.5c03590,https://doi.org/10.1021/acsnano.5c03590,drug-delivery-nanomedicine,Topic-relevant AI/materials or biomaterials title from the predefined selective-journal panel; selected with venue and topic caps before DOI-record verification.,2026-08-30,Crossref REST API (search record + DOI record cross-check); PubMed publication-type cross-check
T053,Toward Resolving Heterogeneous Mixtures of Nanocarriers in Drug Delivery Systems through Light Scattering and Machine Learning,ACS Nano,2025,Journal article (genre unknown),journal-article,unknown,10.1021/acsnano.4c12963,https://api.crossref.org/works/10.1021%2Facsnano.4c12963,https://doi.org/10.1021/acsnano.4c12963,drug-delivery-nanomedicine,Topic-relevant AI/materials or biomaterials title from the predefined selective-journal panel; selected with venue and topic caps before DOI-record verification.,2026-08-30,Crossref REST API (search record + DOI record cross-check); PubMed publication-type cross-check
T054,A large-scale machine learning analysis of inorganic nanoparticles in preclinical cancer research,Nature Nanotechnology,2024,Journal article (genre unknown),journal-article,unknown,10.1038/s41565-024-01673-7,https://api.crossref.org/works/10.1038%2Fs41565-024-01673-7,https://doi.org/10.1038/s41565-024-01673-7,drug-delivery-nanomedicine,Topic-relevant AI/materials or biomaterials title from the predefined selective-journal panel; selected with venue and topic caps before DOI-record verification.,2026-08-30,Crossref REST API (search record + DOI record cross-check); PubMed publication-type cross-check
T055,Accelerating ionizable lipid discovery for mRNA delivery using machine learning and combinatorial chemistry,Nature Materials,2024,Journal article (genre unknown),journal-article,unknown,10.1038/s41563-024-01867-3,https://api.crossref.org/works/10.1038%2Fs41563-024-01867-3,https://doi.org/10.1038/s41563-024-01867-3,materials-discovery-design,Topic-relevant AI/materials or biomaterials title from the predefined selective-journal panel; selected with venue and topic caps before DOI-record verification.,2026-08-30,Crossref REST API (search record + DOI record cross-check); PubMed publication-type cross-check
T056,Autonomous and dynamic precursor selection for solid-state materials synthesis,Nature Communications,2023,Journal article (genre unknown),journal-article,unknown,10.1038/s41467-023-42329-9,https://api.crossref.org/works/10.1038%2Fs41467-023-42329-9,https://doi.org/10.1038/s41467-023-42329-9,autonomous-experimentation,Topic-relevant AI/materials or biomaterials title from the predefined selective-journal panel; selected with venue and topic caps before DOI-record verification.,2026-08-30,Crossref REST API (search record + DOI record cross-check); PubMed publication-type cross-check
T057,Machine learning-driven multifunctional peptide engineering for sustained ocular drug delivery,Nature Communications,2023,Journal article (genre unknown),journal-article,unknown,10.1038/s41467-023-38056-w,https://api.crossref.org/works/10.1038%2Fs41467-023-38056-w,https://doi.org/10.1038/s41467-023-38056-w,drug-delivery-nanomedicine,Topic-relevant AI/materials or biomaterials title from the predefined selective-journal panel; selected with venue and topic caps before DOI-record verification.,2026-08-30,Crossref REST API (search record + DOI record cross-check); PubMed publication-type cross-check
T058,A New Strategy for Microbial Taxonomic Identification through Micro‐Biosynthetic Gold Nanoparticles and Machine Learning,Advanced Materials,2022,Journal article (genre unknown),journal-article,unknown,10.1002/adma.202109365,https://api.crossref.org/works/10.1002%2Fadma.202109365,https://doi.org/10.1002/adma.202109365,drug-delivery-nanomedicine,Topic-relevant AI/materials or biomaterials title from the predefined selective-journal panel; selected with venue and topic caps before DOI-record verification.,2026-08-30,Crossref REST API (search record + DOI record cross-check); PubMed publication-type cross-check
T059,Smart materials: rational design in biosystems via artificial intelligence,Trends in Biotechnology,2022,Review,journal-article,review (PubMed publication type verified),10.1016/j.tibtech.2022.01.005,https://api.crossref.org/works/10.1016%2Fj.tibtech.2022.01.005,https://doi.org/10.1016/j.tibtech.2022.01.005,materials-discovery-design,Topic-relevant AI/materials or biomaterials title from the predefined selective-journal panel; selected with venue and topic caps before DOI-record verification.,2026-08-30,Crossref REST API (search record + DOI record cross-check); PubMed publication-type cross-check
T060,Computational Data-Driven Materials Discovery,Trends in Chemistry,2021,Journal article (genre unknown),journal-article,unknown,10.1016/j.trechm.2020.12.007,https://api.crossref.org/works/10.1016%2Fj.trechm.2020.12.007,https://doi.org/10.1016/j.trechm.2020.12.007,materials-discovery-design,Topic-relevant AI/materials or biomaterials title from the predefined selective-journal panel; selected with venue and topic caps before DOI-record verification.,2026-08-30,Crossref REST API (search record + DOI record cross-check)
T061,How the Shape of Chemical Data Can Enable Data-Driven Materials Discovery,Trends in Chemistry,2021,Journal article (genre unknown),journal-article,unknown,10.1016/j.trechm.2020.12.003,https://api.crossref.org/works/10.1016%2Fj.trechm.2020.12.003,https://doi.org/10.1016/j.trechm.2020.12.003,materials-discovery-design,Topic-relevant AI/materials or biomaterials title from the predefined selective-journal panel; selected with venue and topic caps before DOI-record verification.,2026-08-30,Crossref REST API (search record + DOI record cross-check)
T062,Data-Driven Materials Discovery from Large Chemistry Spaces,Matter,2020,Journal article (genre unknown),journal-article,unknown,10.1016/j.matt.2020.07.010,https://api.crossref.org/works/10.1016%2Fj.matt.2020.07.010,https://doi.org/10.1016/j.matt.2020.07.010,materials-discovery-design,Topic-relevant AI/materials or biomaterials title from the predefined selective-journal panel; selected with venue and topic caps before DOI-record verification.,2026-08-30,Crossref REST API (search record + DOI record cross-check)
T063,Machine learning-guided synthesis of advanced inorganic materials,Materials Today,2020,Journal article (genre unknown),journal-article,unknown,10.1016/j.mattod.2020.06.010,https://api.crossref.org/works/10.1016%2Fj.mattod.2020.06.010,https://doi.org/10.1016/j.mattod.2020.06.010,materials-discovery-design,Topic-relevant AI/materials or biomaterials title from the predefined selective-journal panel; selected with venue and topic caps before DOI-record verification.,2026-08-30,Crossref REST API (search record + DOI record cross-check)
T064,Statistical Characterization of the Morphologies of Nanoparticles through Machine Learning Based Electron Microscopy Image Analysis,ACS Nano,2020,Journal article (genre unknown),journal-article,unknown,10.1021/acsnano.0c06809,https://api.crossref.org/works/10.1021%2Facsnano.0c06809,https://doi.org/10.1021/acsnano.0c06809,drug-delivery-nanomedicine,Topic-relevant AI/materials or biomaterials title from the predefined selective-journal panel; selected with venue and topic caps before DOI-record verification.,2026-08-30,Crossref REST API (search record + DOI record cross-check); PubMed publication-type cross-check
T065,Inverse molecular design using machine learning: Generative models for matter engineering,Science,2018,Review,journal-article,review (PubMed publication type verified),10.1126/science.aat2663,https://api.crossref.org/works/10.1126%2Fscience.aat2663,https://doi.org/10.1126/science.aat2663,materials-discovery-design,Topic-relevant AI/materials or biomaterials title from the predefined selective-journal panel; selected with venue and topic caps before DOI-record verification.,2026-08-30,Crossref REST API (search record + DOI record cross-check); PubMed publication-type cross-check
T066,Assessing micrometastases as a target for nanoparticles using 3D microscopy and machine learning,Proceedings of the National Academy of Sciences,2019,Journal article (genre unknown),journal-article,unknown,10.1073/pnas.1907646116,https://api.crossref.org/works/10.1073%2Fpnas.1907646116,https://doi.org/10.1073/pnas.1907646116,drug-delivery-nanomedicine,Topic-relevant AI/materials or biomaterials title from the predefined selective-journal panel; selected with venue and topic caps before DOI-record verification.,2026-08-30,Crossref REST API (search record + DOI record cross-check); PubMed publication-type cross-check
T067,Machine learning speeds up synthesis of porous materials,Nature,2019,Comment/editorial/letter,journal-article,comment or editorial (PubMed publication type verified),10.1038/d41586-019-00639-3,https://api.crossref.org/works/10.1038%2Fd41586-019-00639-3,https://doi.org/10.1038/d41586-019-00639-3,materials-discovery-design,Topic-relevant AI/materials or biomaterials title from the predefined selective-journal panel; selected with venue and topic caps before DOI-record verification.,2026-08-30,Crossref REST API (search record + DOI record cross-check); PubMed publication-type cross-check
T068,Machine learning–assisted molecular design and efficiency prediction for high-performance organic photovoltaic materials,Science Advances,2019,Journal article (genre unknown),journal-article,unknown,10.1126/sciadv.aay4275,https://api.crossref.org/works/10.1126%2Fsciadv.aay4275,https://doi.org/10.1126/sciadv.aay4275,materials-discovery-design,Topic-relevant AI/materials or biomaterials title from the predefined selective-journal panel; selected with venue and topic caps before DOI-record verification.,2026-08-30,Crossref REST API (search record + DOI record cross-check); PubMed publication-type cross-check
T069,Machine learning for molecular and materials science,Nature,2018,Review,journal-article,review (PubMed publication type verified),10.1038/s41586-018-0337-2,https://api.crossref.org/works/10.1038%2Fs41586-018-0337-2,https://doi.org/10.1038/s41586-018-0337-2,materials-discovery-design,Topic-relevant AI/materials or biomaterials title from the predefined selective-journal panel; selected with venue and topic caps before DOI-record verification.,2026-08-30,Crossref REST API (search record + DOI record cross-check); PubMed publication-type cross-check
T070,Artificial intelligence-driven approaches for materials design and discovery,Nature Materials,2026,Review,journal-article,review (PubMed publication type verified),10.1038/s41563-025-02403-7,https://api.crossref.org/works/10.1038%2Fs41563-025-02403-7,https://doi.org/10.1038/s41563-025-02403-7,materials-discovery-design,Topic-relevant AI/materials or biomaterials title from the predefined selective-journal panel; selected with venue and topic caps before DOI-record verification.,2026-08-30,Crossref REST API (search record + DOI record cross-check); PubMed publication-type cross-check
T071,Bridging electron microscopy and materials analysis with an autonomous agentic platform,Science Advances,2026,Journal article (genre unknown),journal-article,unknown,10.1126/sciadv.aed0583,https://api.crossref.org/works/10.1126%2Fsciadv.aed0583,https://doi.org/10.1126/sciadv.aed0583,autonomous-experimentation,Topic-relevant AI/materials or biomaterials title from the predefined selective-journal panel; selected with venue and topic caps before DOI-record verification.,2026-08-30,Crossref REST API (search record + DOI record cross-check); PubMed publication-type cross-check
T072,Data‐Driven Accelerated Discovery of LNMCO Cathodes Materials via 37‐Dimensional Parameter Space Mining With a Cascaded Neural Network,Advanced Materials,2026,Journal article (genre unknown),journal-article,unknown,10.1002/adma.74750,https://api.crossref.org/works/10.1002%2Fadma.74750,https://doi.org/10.1002/adma.74750,materials-discovery-design,Topic-relevant AI/materials or biomaterials title from the predefined selective-journal panel; selected with venue and topic caps before DOI-record verification.,2026-08-30,Crossref REST API (search record + DOI record cross-check); PubMed publication-type cross-check
T073,Inverse Design of Amorphous Materials With Targeted Properties,Advanced Materials,2026,Journal article (genre unknown),journal-article,unknown,10.1002/adma.202522493,https://api.crossref.org/works/10.1002%2Fadma.202522493,https://doi.org/10.1002/adma.202522493,materials-discovery-design,Topic-relevant AI/materials or biomaterials title from the predefined selective-journal panel; selected with venue and topic caps before DOI-record verification.,2026-08-30,Crossref REST API (search record + DOI record cross-check); PubMed publication-type cross-check
T074,Machine Learning−Accelerated Discovery of Proton-Conducting 2D Materials for Proton Exchange Membranes,ACS Nano,2026,Journal article (genre unknown),journal-article,unknown,10.1021/acsnano.5c15161,https://api.crossref.org/works/10.1021%2Facsnano.5c15161,https://doi.org/10.1021/acsnano.5c15161,materials-discovery-design,Topic-relevant AI/materials or biomaterials title from the predefined selective-journal panel; selected with venue and topic caps before DOI-record verification.,2026-08-30,Crossref REST API (search record + DOI record cross-check); PubMed publication-type cross-check
T075,"Toward a composable, modular laboratory ecosystem for autonomous materials research and development",Matter,2026,Journal article (genre unknown),journal-article,unknown,10.1016/j.matt.2026.102756,https://api.crossref.org/works/10.1016%2Fj.matt.2026.102756,https://doi.org/10.1016/j.matt.2026.102756,autonomous-experimentation,Topic-relevant AI/materials or biomaterials title from the predefined selective-journal panel; selected with venue and topic caps before DOI-record verification.,2026-08-30,Crossref REST API (search record + DOI record cross-check)
T076,Accelerated data-driven materials science with the Materials Project,Nature Materials,2025,Review,journal-article,review (PubMed publication type verified),10.1038/s41563-025-02272-0,https://api.crossref.org/works/10.1038%2Fs41563-025-02272-0,https://doi.org/10.1038/s41563-025-02272-0,materials-discovery-design,Topic-relevant AI/materials or biomaterials title from the predefined selective-journal panel; selected with venue and topic caps before DOI-record verification.,2026-08-30,Crossref REST API (search record + DOI record cross-check); PubMed publication-type cross-check
T077,Bayesian Optimization for Multicomponent Supramolecular Systems,Journal of the American Chemical Society,2025,Journal article (genre unknown),journal-article,unknown,10.1021/jacs.5c08539,https://api.crossref.org/works/10.1021%2Fjacs.5c08539,https://doi.org/10.1021/jacs.5c08539,materials-discovery-design,Topic-relevant AI/materials or biomaterials title from the predefined selective-journal panel; selected with venue and topic caps before DOI-record verification.,2026-08-30,Crossref REST API (search record + DOI record cross-check); PubMed publication-type cross-check
T078,Extreme nonlinearity by layered materials through inverse design,Science Advances,2025,Journal article (genre unknown),journal-article,unknown,10.1126/sciadv.adr6925,https://api.crossref.org/works/10.1126%2Fsciadv.adr6925,https://doi.org/10.1126/sciadv.adr6925,materials-discovery-design,Topic-relevant AI/materials or biomaterials title from the predefined selective-journal panel; selected with venue and topic caps before DOI-record verification.,2026-08-30,Crossref REST API (search record + DOI record cross-check); PubMed publication-type cross-check
T079,Machine learning in chemistry,Proceedings of the National Academy of Sciences,2025,Journal article (genre unknown),journal-article,unknown,10.1073/pnas.2517062122,https://api.crossref.org/works/10.1073%2Fpnas.2517062122,https://doi.org/10.1073/pnas.2517062122,materials-discovery-design,Topic-relevant AI/materials or biomaterials title from the predefined selective-journal panel; selected with venue and topic caps before DOI-record verification.,2026-08-30,Crossref REST API (search record + DOI record cross-check); PubMed publication-type cross-check
T080,Machine learning in X-ray diffraction for materials discovery and characterization,Matter,2025,Journal article (genre unknown),journal-article,unknown,10.1016/j.matt.2025.102272,https://api.crossref.org/works/10.1016%2Fj.matt.2025.102272,https://doi.org/10.1016/j.matt.2025.102272,materials-discovery-design,Topic-relevant AI/materials or biomaterials title from the predefined selective-journal panel; selected with venue and topic caps before DOI-record verification.,2026-08-30,Crossref REST API (search record + DOI record cross-check)
T081,The role of flow chemistry in self-driving labs,Matter,2025,Journal article (genre unknown),journal-article,unknown,10.1016/j.matt.2025.102205,https://api.crossref.org/works/10.1016%2Fj.matt.2025.102205,https://doi.org/10.1016/j.matt.2025.102205,autonomous-experimentation,Topic-relevant AI/materials or biomaterials title from the predefined selective-journal panel; selected with venue and topic caps before DOI-record verification.,2026-08-30,Crossref REST API (search record + DOI record cross-check)
T082,Inverse design of phononic meta-structured materials,Materials Today,2024,Journal article (genre unknown),journal-article,unknown,10.1016/j.mattod.2024.09.012,https://api.crossref.org/works/10.1016%2Fj.mattod.2024.09.012,https://doi.org/10.1016/j.mattod.2024.09.012,materials-discovery-design,Topic-relevant AI/materials or biomaterials title from the predefined selective-journal panel; selected with venue and topic caps before DOI-record verification.,2026-08-30,Crossref REST API (search record + DOI record cross-check)
T083,Lipid discovery for mRNA delivery guided by machine learning,Nature Materials,2024,Journal article (genre unknown),journal-article,unknown,10.1038/s41563-024-01934-9,https://api.crossref.org/works/10.1038%2Fs41563-024-01934-9,https://doi.org/10.1038/s41563-024-01934-9,materials-discovery-design,Topic-relevant AI/materials or biomaterials title from the predefined selective-journal panel; selected with venue and topic caps before DOI-record verification.,2026-08-30,Crossref REST API (search record + DOI record cross-check); PubMed publication-type cross-check
T084,Remarkable Optoelectronic Characteristics of Synthesizable Square‐Octagon Haeckelite Structures: Machine Learning Materials Discovery,Advanced Functional Materials,2024,Journal article (genre unknown),journal-article,unknown,10.1002/adfm.202402390,https://api.crossref.org/works/10.1002%2Fadfm.202402390,https://doi.org/10.1002/adfm.202402390,materials-discovery-design,Topic-relevant AI/materials or biomaterials title from the predefined selective-journal panel; selected with venue and topic caps before DOI-record verification.,2026-08-30,Crossref REST API (search record + DOI record cross-check)
T085,Large language models direct automated chemistry laboratory,Nature,2023,Journal article (genre unknown),journal-article,unknown,10.1038/d41586-023-03790-0,https://api.crossref.org/works/10.1038%2Fd41586-023-03790-0,https://doi.org/10.1038/d41586-023-03790-0,materials-discovery-design,Topic-relevant AI/materials or biomaterials title from the predefined selective-journal panel; selected with venue and topic caps before DOI-record verification.,2026-08-30,Crossref REST API (search record + DOI record cross-check); PubMed publication-type cross-check
T086,Machine learning for nanoplasmonics,Nature Nanotechnology,2023,Review,journal-article,review (PubMed publication type verified),10.1038/s41565-022-01284-0,https://api.crossref.org/works/10.1038%2Fs41565-022-01284-0,https://doi.org/10.1038/s41565-022-01284-0,materials-discovery-design,Topic-relevant AI/materials or biomaterials title from the predefined selective-journal panel; selected with venue and topic caps before DOI-record verification.,2026-08-30,Crossref REST API (search record + DOI record cross-check); PubMed publication-type cross-check
T087,Scaling deep learning for materials discovery,Nature,2023,Journal article (genre unknown),journal-article,unknown,10.1038/s41586-023-06735-9,https://api.crossref.org/works/10.1038%2Fs41586-023-06735-9,https://doi.org/10.1038/s41586-023-06735-9,materials-discovery-design,Topic-relevant AI/materials or biomaterials title from the predefined selective-journal panel; selected with venue and topic caps before DOI-record verification.,2026-08-30,Crossref REST API (search record + DOI record cross-check); PubMed publication-type cross-check
T088,Target‐Driven Design of Deep‐UV Nonlinear Optical Materials via Interpretable Machine Learning,Advanced Materials,2023,Journal article (genre unknown),journal-article,unknown,10.1002/adma.202300848,https://api.crossref.org/works/10.1002%2Fadma.202300848,https://doi.org/10.1002/adma.202300848,materials-discovery-design,Topic-relevant AI/materials or biomaterials title from the predefined selective-journal panel; selected with venue and topic caps before DOI-record verification.,2026-08-30,Crossref REST API (search record + DOI record cross-check); PubMed publication-type cross-check
T089,Accelerating the discovery of novel magnetic materials using machine learning–guided adaptive feedback,Proceedings of the National Academy of Sciences,2022,Journal article (genre unknown),journal-article,unknown,10.1073/pnas.2204485119,https://api.crossref.org/works/10.1073%2Fpnas.2204485119,https://doi.org/10.1073/pnas.2204485119,materials-discovery-design,Topic-relevant AI/materials or biomaterials title from the predefined selective-journal panel; selected with venue and topic caps before DOI-record verification.,2026-08-30,Crossref REST API (search record + DOI record cross-check); PubMed publication-type cross-check
T090,Experimental discovery of structure–property relationships in ferroelectric materials via active learning,Nature Machine Intelligence,2022,Journal article (genre unknown),journal-article,unknown,10.1038/s42256-022-00460-0,https://api.crossref.org/works/10.1038%2Fs42256-022-00460-0,https://doi.org/10.1038/s42256-022-00460-0,materials-discovery-design,Topic-relevant AI/materials or biomaterials title from the predefined selective-journal panel; selected with venue and topic caps before DOI-record verification.,2026-08-30,Crossref REST API (search record + DOI record cross-check)
T091,Innovative Materials Science via Machine Learning,Advanced Functional Materials,2022,Journal article (genre unknown),journal-article,unknown,10.1002/adfm.202108044,https://api.crossref.org/works/10.1002%2Fadfm.202108044,https://doi.org/10.1002/adfm.202108044,materials-discovery-design,Topic-relevant AI/materials or biomaterials title from the predefined selective-journal panel; selected with venue and topic caps before DOI-record verification.,2026-08-30,Crossref REST API (search record + DOI record cross-check)
T092,Machine learning–driven multiscale modeling reveals lipid-dependent dynamics of RAS signaling proteins,Proceedings of the National Academy of Sciences,2022,Journal article (genre unknown),journal-article,unknown,10.1073/pnas.2113297119,https://api.crossref.org/works/10.1073%2Fpnas.2113297119,https://doi.org/10.1073/pnas.2113297119,peptides-proteins,Topic-relevant AI/materials or biomaterials title from the predefined selective-journal panel; selected with venue and topic caps before DOI-record verification.,2026-08-30,Crossref REST API (search record + DOI record cross-check); PubMed publication-type cross-check
T093,Robust deep learning–based protein sequence design using ProteinMPNN,Science,2022,Journal article (genre unknown),journal-article,unknown,10.1126/science.add2187,https://api.crossref.org/works/10.1126%2Fscience.add2187,https://doi.org/10.1126/science.add2187,peptides-proteins,Topic-relevant AI/materials or biomaterials title from the predefined selective-journal panel; selected with venue and topic caps before DOI-record verification.,2026-08-30,Crossref REST API (search record + DOI record cross-check); PubMed publication-type cross-check
T094,Deep learning to design nuclear-targeting abiotic miniproteins,Nature Chemistry,2021,Journal article (genre unknown),journal-article,unknown,10.1038/s41557-021-00766-3,https://api.crossref.org/works/10.1038%2Fs41557-021-00766-3,https://doi.org/10.1038/s41557-021-00766-3,peptides-proteins,Topic-relevant AI/materials or biomaterials title from the predefined selective-journal panel; selected with venue and topic caps before DOI-record verification.,2026-08-30,Crossref REST API (search record + DOI record cross-check); PubMed publication-type cross-check
T095,Machine Learning Approaches for Thermoelectric Materials Research,Advanced Functional Materials,2020,Journal article (genre unknown),journal-article,unknown,10.1002/adfm.201906041,https://api.crossref.org/works/10.1002%2Fadfm.201906041,https://doi.org/10.1002/adfm.201906041,materials-discovery-design,Topic-relevant AI/materials or biomaterials title from the predefined selective-journal panel; selected with venue and topic caps before DOI-record verification.,2026-08-30,Crossref REST API (search record + DOI record cross-check)
T096,Materializing artificial intelligence,Nature Machine Intelligence,2020,Journal article (genre unknown),journal-article,unknown,10.1038/s42256-020-00262-2,https://api.crossref.org/works/10.1038%2Fs42256-020-00262-2,https://doi.org/10.1038/s42256-020-00262-2,materials-discovery-design,Topic-relevant AI/materials or biomaterials title from the predefined selective-journal panel; selected with venue and topic caps before DOI-record verification.,2026-08-30,Crossref REST API (search record + DOI record cross-check)
T097,The Role of Machine Learning in the Understanding and Design of Materials,Journal of the American Chemical Society,2020,Review,journal-article,review (PubMed publication type verified),10.1021/jacs.0c09105,https://api.crossref.org/works/10.1021%2Fjacs.0c09105,https://doi.org/10.1021/jacs.0c09105,materials-discovery-design,Topic-relevant AI/materials or biomaterials title from the predefined selective-journal panel; selected with venue and topic caps before DOI-record verification.,2026-08-30,Crossref REST API (search record + DOI record cross-check); PubMed publication-type cross-check
T098,Deep learning adds an extra dimension to peptide fragmentation,Nature Methods,2019,Comment/editorial/letter,journal-article,comment or editorial (PubMed publication type verified),10.1038/s41592-019-0428-5,https://api.crossref.org/works/10.1038%2Fs41592-019-0428-5,https://doi.org/10.1038/s41592-019-0428-5,peptides-proteins,Topic-relevant AI/materials or biomaterials title from the predefined selective-journal panel; selected with venue and topic caps before DOI-record verification.,2026-08-30,Crossref REST API (search record + DOI record cross-check); PubMed publication-type cross-check
T099,Deep learning using tumor HLA peptide mass spectrometry datasets improves neoantigen identification,Nature Biotechnology,2019,Journal article (genre unknown),journal-article,unknown,10.1038/nbt.4313,https://api.crossref.org/works/10.1038%2Fnbt.4313,https://doi.org/10.1038/nbt.4313,peptides-proteins,Topic-relevant AI/materials or biomaterials title from the predefined selective-journal panel; selected with venue and topic caps before DOI-record verification.,2026-08-30,Crossref REST API (search record + DOI record cross-check); PubMed publication-type cross-check
T100,Prosit: proteome-wide prediction of peptide tandem mass spectra by deep learning,Nature Methods,2019,Journal article (genre unknown),journal-article,unknown,10.1038/s41592-019-0426-7,https://api.crossref.org/works/10.1038%2Fs41592-019-0426-7,https://doi.org/10.1038/s41592-019-0426-7,peptides-proteins,Topic-relevant AI/materials or biomaterials title from the predefined selective-journal panel; selected with venue and topic caps before DOI-record verification.,2026-08-30,Crossref REST API (search record + DOI record cross-check); PubMed publication-type cross-check
